<?xml version="1.0" encoding="UTF-8"?>
<project-private xmlns="http://www.netbeans.org/ns/project-private/1">
    <editor-bookmarks xmlns="http://www.netbeans.org/ns/editor-bookmarks/2" lastBookmarkId="0"/>
    <open-files xmlns="http://www.netbeans.org/ns/projectui-open-files/2">
        <group>
            <file>file:/C:/Users/farza/OneDrive/Documents/NetBeansProjects/coe528Lab4/src/lab4/Driver.java</file>
            <file>file:/C:/Users/farza/OneDrive/Documents/NetBeansProjects/coe528Lab4/src/lab4/FoodItem.java</file>
            <file>file:/C:/Users/farza/OneDrive/Documents/NetBeansProjects/coe528Lab4/src/lab4/FoodComponent.java</file>
            <file>file:/C:/Users/farza/OneDrive/Documents/NetBeansProjects/coe528Lab4/src/lab4/Record.java</file>
            <file>file:/C:/Users/farza/OneDrive/Documents/NetBeansProjects/coe528Lab4/src/lab4/FoodCategory.java</file>
        </group>
    </open-files>
</project-private>
